FirstName,LastName,UserName
Leo,RANDALL,LRANDALL
Julian,HANNA,JHANNA
Wyatt,NGUYEN,WNGUYEN
Arianna,BELL,ABELL
Lillian,MOODY,LMOODY
Asher,TERRY,ATERRY
John,COOKE,JCOOKE
Eleanor,WEBER,EWEBER
Paige,SIMMONS,PSIMMONS
Bailey,RUSSELL,BRUSSELL
Gianna,HARRELL,GHARRELL
Isla,BRADFORD,IBRADFORD
Mason,BRAY,MBRAY
Easton,MONTGOMERY,EMONTGOMERY
Colin,ADAMS,CADAMS
John,STANTON,JSTANTON
Reese,FARLEY,RFARLEY
Owen,JUAREZ,OJUAREZ
Alex,BARNETT,ABARNETT
Alex,ABBOTT,AABBOTT
Sadie,REEVES,SREEVES
Isaac,BARR,IBARR
Quinn,BARNETT,QBARNETT
Carson,BECKER,CBECKER
Molly,MORTON,MMORTON
Leo,MCGRATH,LMCGRATH
Mila,YATES,MYATES
Evan,OCHOA,EOCHOA
Noah,JOHNS,NJOHNS
Logan,STOKES,LSTOKES
Colin,PARKER,CPARKER
Sean,DAY,SDAY
Scarlett,BRYAN,SBRYAN
Kylie,HODGES,KHODGES
Landon,GRANT,LGRANT
Hudson,GALVAN,HGALVAN
Cole,WOODWARD,CWOODWARD
Lily,CRAIG,LCRAIG
Kayla,POWELL,KPOWELL
Julia,RAMOS,JRAMOS
Hunter,ALLEN,HALLEN
Hannah,FISCHER,HFISCHER
Noah,WELLS,NWELLS
Ava,MAHONEY,AMAHONEY
Caroline,DUFFY,CDUFFY
Julia,STOUT,JSTOUT
Violet,MORTON,VMORTON
John,ELLIS,JELLIS
Madelyn,CARTER,MCARTER
Levi,TATE,LTATE
Natalie,MCCORMICK,NMCCORMICK
Bentley,DICKSON,BDICKSON
Bailey,SANFORD,BSANFORD
Lauren,LARSON,LLARSON
Julian,MERRITT,JMERRITT
Alex,COOKE,ACOOKE
Kendall,CHANG,KCHANG
Alyssa,JEFFERSON,AJEFFERSON
Lyla,HINES,LHINES
Eva,BRAUN,EBRAUN
Maria,OROZCO,MOROZCO
Victoria,ROCHA,VROCHA
Cole,KEMP,CKEMP
Logan,HARDY,LHARDY
Leah,BLANKENSHIP,LBLANKENSHIP
Lucas,JONES,LJONES
Lucas,SCOTT,LSCOTT
Nevaeh,VALENCIA,NVALENCIA
Elena,MCFARLAND,EMCFARLAND
Ellie,STARK,ESTARK
Layla,TUCKER,LTUCKER
Kennedy,WARREN,KWARREN
Harrison,CAMERON,HCAMERON
Tyler,BERG,TBERG
Dylan,BARRERA,DBARRERA
Hunter,GRIMES,HGRIMES
Hunter,ROBERTS,HROBERTS
Riley,YATES,RYATES
Aaliyah,MOORE,AMOORE
Sadie,WEBB,SWEBB
Ian,RAYMOND,IRAYMOND
Matthew,JEFFERSON,MJEFFERSON
Zachary,CALDERON,ZCALDERON
Micah,PARK,MPARK
Jonathan,MEYER,JMEYER
Emma,VAUGHN,EVAUGHN
Elena,RHODES,ERHODES
Allison,GEORGE,AGEORGE
Eleanor,GILES,EGILES
Amelia,MCKAY,AMCKAY
Julia,HAMPTON,JHAMPTON
Nora,ROSE,NROSE
Gabriel,BARBER,GBARBER
Luke,CASTILLO,LCASTILLO
Layla,SAWYER,LSAWYER
Hayden,HORTON,HHORTON
Lauren,COOLEY,LCOOLEY
Anthony,BRENNAN,ABRENNAN
Nolan,RITTER,NRITTER
Alyssa,MONTGOMERY,AMONTGOMERY
Elizabeth,ROLLINS,EROLLINS
Maya,GAY,MGAY
Lyla,CAMPOS,LCAMPOS
Eliana,VILLARREAL,EVILLARREAL
Connor,TERRY,CTERRY
Ellie,SPENCER,ESPENCER
Annabelle,NOLAN,ANOLAN
Nevaeh,BOYER,NBOYER
Sarah,MONTGOMERY,SMONTGOMERY
Wyatt,HORNE,WHORNE
Taylor,HARMON,THARMON
Bentley,IRWIN,BIRWIN
Sienna,SUTTON,SSUTTON
Natalie,WALLACE,NWALLACE
Connor,FORD,CFORD
Sophia,STONE,SSTONE
Jack,PINEDA,JPINEDA
Aiden,NGUYEN,ANGUYEN
Levi,DOUGHERTY,LDOUGHERTY
Evan,ARCHER,EARCHER
Riley,HENSLEY,RHENSLEY
Alyssa,BLACKWELL,ABLACKWELL
Cameron,FRAZIER,CFRAZIER
Alyssa,SMALL,ASMALL
Piper,SELLERS,PSELLERS
Sophia,MCKAY,SMCKAY
Elijah,BIRD,EBIRD
Peyton,WADE,PWADE
Maya,FRENCH,MFRENCH
Kate,CARPENTER,KCARPENTER
Jace,RIVAS,JRIVAS
Adam,NEWTON,ANEWTON
Sadie,VELEZ,SVELEZ
Ruby,VARGAS,RVARGAS
Jordan,MICHAEL,JMICHAEL
Sydney,HERMAN,SHERMAN
Madison,SCHAEFER,MSCHAEFER
Lily,NORTON,LNORTON
Lucas,MATA,LMATA
Elizabeth,MAYS,EMAYS
Avery,SCHAEFER,ASCHAEFER
Riley,LEACH,RLEACH
Connor,CONRAD,CCONRAD
Piper,CHARLES,PCHARLES
Jeremiah,FOSTER,JFOSTER
Aaron,GAY,AGAY
Zachary,HARTMAN,ZHARTMAN
Isaiah,JACOBS,IJACOBS
Cooper,SHEPHERD,CSHEPHERD
Alex,MEADOWS,AMEADOWS
Harrison,DEAN,HDEAN
Miles,ACOSTA,MACOSTA
Nora,DONOVAN,NDONOVAN
Harper,NIELSEN,HNIELSEN
Hannah,TANNER,HTANNER
Makayla,TERRY,MTERRY
Reese,REYNOLDS,RREYNOLDS
Maria,KHAN,MKHAN
Cole,LEON,CLEON
Hunter,ARNOLD,HARNOLD
Max,KIRBY,MKIRBY
Scarlett,RANDOLPH,SRANDOLPH
Elise,COOK,ECOOK
Samuel,CERVANTES,SCERVANTES
Hayden,OSBORNE,HOSBORNE
Isabella,PAYNE,IPAYNE
Sebastian,BEAN,SBEAN
Jack,BLACKBURN,JBLACKBURN
Reagan,GIBSON,RGIBSON
Riley,COHEN,RCOHEN
Logan,ADKINS,LADKINS
Sydney,GALLEGOS,SGALLEGOS
Sebastian,WALKER,SWALKER
Eva,MORRISON,EMORRISON
Gavin,COMPTON,GCOMPTON
Colton,TYLER,CTYLER
Layla,CAREY,LCAREY
Alexander,WOODARD,AWOODARD
Addison,HARDIN,AHARDIN
Elizabeth,BANKS,EBANKS
Sean,NIXON,SNIXON
Logan,DODSON,LDODSON
Joseph,CHRISTIAN,JCHRISTIAN
Jacob,BONILLA,JBONILLA
Lincoln,HURLEY,LHURLEY
Hayden,MAY,HMAY
Ellie,BALDWIN,EBALDWIN
Brianna,FARRELL,BFARRELL
Bella,VILLARREAL,BVILLARREAL
Alexis,PHAM,APHAM
Ian,KEY,IKEY
Claire,COX,CCOX
Kaitlyn,CHRISTIAN,KCHRISTIAN
Isabelle,GALLEGOS,IGALLEGOS
Gianna,HULL,GHULL
Charlie,DOUGLAS,CDOUGLAS
Harper,HENDERSON,HHENDERSON
Addison,VINCENT,AVINCENT
Sophia,MAYER,SMAYER
